{"cameraMode":{"drawMode":0,"name":"Shaded","section":"Shading Mode"},"sceneLighting":false,"audioPlay":false,"sceneViewState":{"m_AlwaysRefresh":false,"showFog":true,"showSkybox":false,"showFlares":true,"showImageEffects":true,"showParticleSystems":true,"showVisualEffectGraphs":true,"m_FxEnabled":true},"in2DMode":false,"pivot":{"x":-0.20331621170043946,"y":0.7061188220977783,"z":-0.7429265975952148},"rotation":{"x":-0.12357485294342041,"y":0.8743846416473389,"z":-0.29833611845970156,"w":-0.36218202114105227},"size":3.383805990219116,"orthographic":false}