{"cameraMode":{"drawMode":0,"name":"Shaded","section":"Shading Mode"},"sceneLighting":false,"audioPlay":false,"sceneViewState":{"m_AlwaysRefresh":false,"showFog":true,"showSkybox":false,"showFlares":true,"showImageEffects":true,"showParticleSystems":true,"showVisualEffectGraphs":true,"m_FxEnabled":true},"in2DMode":false,"pivot":{"x":0.2558591961860657,"y":1.012953758239746,"z":0.08197927474975586},"rotation":{"x":-0.051236797124147418,"y":-0.044329751282930377,"z":0.0022764166351407768,"w":-0.9976997971534729},"size":1.4965859651565552,"orthographic":false}