{"cameraMode":{"drawMode":0,"name":"Shaded","section":"Shading Mode"},"sceneLighting":true,"audioPlay":false,"sceneViewState":{"m_AlwaysRefresh":false,"showFog":true,"showSkybox":true,"showFlares":true,"showImageEffects":true,"showParticleSystems":true,"showVisualEffectGraphs":true,"m_FxEnabled":true},"in2DMode":false,"pivot":{"x":-6.075781345367432,"y":-8.215389251708985,"z":0.7239952087402344},"rotation":{"x":-0.3468402028083801,"y":0.023068668320775033,"z":-0.008534502238035202,"w":-0.9376091361045837},"size":42.484710693359378,"orthographic":false}