{"cameraMode":{"drawMode":0,"name":"Shaded","section":"Shading Mode"},"sceneLighting":false,"audioPlay":false,"sceneViewState":{"m_AlwaysRefresh":false,"showFog":true,"showSkybox":false,"showFlares":true,"showImageEffects":true,"showParticleSystems":true,"showVisualEffectGraphs":true,"m_FxEnabled":true},"in2DMode":false,"pivot":{"x":-1.0295906066894532,"y":-1.9796905517578126,"z":-9.884085655212403},"rotation":{"x":0.5187215209007263,"y":-0.010258372873067856,"z":0.006225510500371456,"w":0.8548600673675537},"size":45.456451416015628,"orthographic":true}