{"cameraMode":{"drawMode":0,"name":"Shaded","section":"Shading Mode"},"sceneLighting":false,"audioPlay":false,"sceneViewState":{"m_AlwaysRefresh":false,"showFog":true,"showSkybox":false,"showFlares":true,"showImageEffects":true,"showParticleSystems":true,"showVisualEffectGraphs":true,"m_FxEnabled":true},"in2DMode":false,"pivot":{"x":0.05131755396723747,"y":-0.003138155210763216,"z":0.006601684261113405},"rotation":{"x":-0.4817054271697998,"y":0.5179850459098816,"z":-0.48722752928733828,"w":-0.5121147632598877},"size":3.118349552154541,"orthographic":false}