{"cameraMode":{"drawMode":0,"name":"Shaded","section":"Shading Mode"},"sceneLighting":false,"audioPlay":false,"sceneViewState":{"m_AlwaysRefresh":false,"showFog":true,"showSkybox":false,"showFlares":true,"showImageEffects":true,"showParticleSystems":true,"showVisualEffectGraphs":true,"m_FxEnabled":true},"in2DMode":false,"pivot":{"x":-25.987207412719728,"y":10.554637908935547,"z":0.7613945007324219},"rotation":{"x":0.011499769054353238,"y":-0.9432139992713928,"z":0.3303614556789398,"w":0.03283368796110153},"size":42.2308349609375,"orthographic":true}