{"cameraMode":{"drawMode":0,"name":"Shaded","section":"Shading Mode"},"sceneLighting":false,"audioPlay":false,"sceneViewState":{"m_AlwaysRefresh":false,"showFog":true,"showSkybox":false,"showFlares":true,"showImageEffects":true,"showParticleSystems":true,"showVisualEffectGraphs":true,"m_FxEnabled":true},"in2DMode":false,"pivot":{"x":-0.11658433079719544,"y":0.007307529449462891,"z":-0.00619164202362299},"rotation":{"x":-0.4817054271697998,"y":0.5179850459098816,"z":-0.48722752928733828,"w":-0.5121147632598877},"size":1.6051944494247437,"orthographic":false}