{"cameraMode":{"drawMode":0,"name":"Shaded","section":"Shading Mode"},"sceneLighting":false,"audioPlay":false,"sceneViewState":{"m_AlwaysRefresh":false,"showFog":true,"showSkybox":false,"showFlares":true,"showImageEffects":true,"showParticleSystems":true,"showVisualEffectGraphs":true,"m_FxEnabled":true},"in2DMode":false,"pivot":{"x":-0.5829145908355713,"y":-0.06630706787109375,"z":-0.49175119400024416},"rotation":{"x":-0.3691572844982147,"y":0.4338996410369873,"z":-0.20099927484989167,"w":-0.7969025373458862},"size":3.381072521209717,"orthographic":false}